{"cameraMode":{"drawMode":0,"name":"Shaded","section":"Shading Mode"},"sceneLighting":true,"audioPlay":false,"sceneViewState":{"showFog":true,"showMaterialUpdate":false,"showSkybox":true,"showFlares":true,"showImageEffects":true,"showParticleSystems":true},"in2DMode":false,"pivot":{"x":38.976524353027347,"y":12.769998550415039,"z":2.9028189182281496},"rotation":{"x":0.22384195029735566,"y":-0.14412085711956025,"z":0.033487994223833087,"w":0.963333785533905},"size":15.529693603515625,"orthographic":false}